;Option;Initial Plan;Naive Repair;Naive Repair / Initial Plan;Replan;Replan / Naive Repair;Seed;Seed / No Seed
0;ADD_STACKS_FIRST_10_PERCENT;15.18;21.938;44.51910408432147;15.345;-30.052876287719933;16.129;5.109156076898016
1;ADD_STACKS_LAST_10_PERCENT;14.846;20.312;36.8179981139701;13.48;-33.63528948404884;18.925;40.39317507418398
2;ADD_STACKS_MIDDLE_10_PERCENT;15.07;21.465;42.43530192435301;14.417;-32.834847426042394;15.985;10.876049108691126
3;REMOVE_STACKS_FIRST_10_PERCENT;15.118;18.087;19.638841116549806;14.152;-21.7559573174103;13.718;-3.066704352741657
4;REMOVE_STACKS_LAST_10_PERCENT;14.822;15.07;1.6731885035757732;11.839;-21.439946914399467;13.734;16.006419461103132
5;REMOVE_STACKS_MIDDLE_10_PERCENT;14.98;16.81;12.216288384512671;13.248;-21.189767995240928;13.471;1.683272946859909
