;Option;Initial Plan;Naive Repair;Naive Repair / Initial Plan;Replan;Replan / Naive Repair;Seed;Seed / No Seed
0;ADD_STACKS_FIRST_10_PERCENT;1.653;2.352;42.286751361161514;1.747;-25.72278911564625;1.724;-1.3165426445334936
1;ADD_STACKS_LAST_10_PERCENT;1.62;2.128;31.358024691358022;1.449;-31.907894736842106;2.002;38.16425120772945
2;ADD_STACKS_MIDDLE_10_PERCENT;1.638;2.236;36.50793650793653;1.606;-28.17531305903399;1.827;13.760896637608958
3;REMOVE_STACKS_FIRST_10_PERCENT;1.622;1.941;19.667077681874225;1.485;-23.493044822256568;1.571;5.791245791245781
4;REMOVE_STACKS_LAST_10_PERCENT;1.582;1.619;2.338811630847024;1.279;-21.00061766522545;1.558;21.813917122752162
5;REMOVE_STACKS_MIDDLE_10_PERCENT;1.64;1.85;12.804878048780498;1.46;-21.081081081081088;1.589;8.835616438356164
